"Net-wealth (median) by age, municipality groups and time"

" "," ","2014","2015","2016","2017","2018","2019","2020","2021","2022"
"18 years and over"
" ","All Denmark",424030,457967,493166,531665,547467,611289,675175,752900,701429
" ","Capital municipalities",445701,490596,521797,553036,563836,614787,680900,739423,674498
" ","Metropolitan municipalities",263825,286329,304603,322136,325931,357030,398168,442355,409333
" ","Provincial municipalities",426021,460731,499840,544270,565146,637419,703306,790697,738875
" ","Commuter municipalities",502740,538153,586441,641036,667947,752423,827744,936478,880420
" ","Rural municipalities",434080,459278,493614,533313,548307,619998,685015,769117,724881
" ","Copenhagen",275998,301918,318158,333743,336942,364425,410386,431725,400015
" ","Frederiksberg",558339,599833,629758,673336,695854,750702,847670,914358,839117
" ","Dragør",1256038,1332585,1437214,1478836,1524991,1691564,1831534,2072869,1984438
" ","Tårnby",632343,714415,769861,845416,851158,912185,1004936,1063660,1008951
" ","Albertslund",280800,319556,349370,385247,384151,418102,467626,525518,461680
" ","Ballerup",459901,501924,547959,586946,589358,661930,703561,773922,672177
" ","Brøndby",269717,286208,316216,336314,345694,392472,425232,450063,364236
" ","Gentofte",1244332,1376158,1431347,1536384,1598460,1747314,1971199,2177851,2010787
" ","Gladsaxe",469595,517559,556166,578311,591910,663726,724206,798090,729694
" ","Glostrup",420398,450613,494138,528613,543584,577754,632316,682943,628086
" ","Herlev",412424,464978,511053,534676,549298,605524,664554,752346,658907
" ","Hvidovre",452521,516832,555004,592448,600916,665949,734751,803364,729698
" ","Høje-Taastrup",401236,453496,505770,521956,547070,593215,631111,663509,558814
" ","Ishøj",217327,244378,280907,310101,315892,356398,386059,425751,372231
" ","Lyngby-Taarbæk",888853,963304,1020887,1065403,1076488,1171817,1289023,1326599,1185574
" ","Rødovre",417676,476721,510465,547105,547346,608311,641654,709706,604700
" ","Vallensbæk",768098,821930,881751,895747,905610,980157,1098987,1203611,1047207
" ","Allerød",1111801,1200162,1240036,1338518,1403381,1513313,1663191,1970421,1827549
" ","Egedal",876739,967222,1027553,1099446,1127174,1219747,1320146,1513798,1342508
" ","Fredensborg",654478,715182,746418,848076,901078,999863,1084294,1241125,1155016
" ","Frederikssund",569735,628550,703487,782396,818962,904985,996189,1118822,1047786
" ","Furesø",1014912,1069455,1143931,1229707,1267551,1392824,1505720,1757301,1601571
" ","Gribskov",617392,678766,757385,824383,889033,1008570,1128668,1288875,1205954
" ","Halsnæs",422031,462847,525918,623181,670761,754932,836997,986025,907571
" ","Helsingør",493830,552353,607918,672726,713796,814386,902300,1061155,938053
" ","Hillerød",647595,699471,755433,833008,868596,968186,1032407,1125988,1028236
" ","Hørsholm",1203923,1300075,1355083,1450980,1498434,1641389,1859015,2165138,1979486
" ","Rudersdal",1256110,1395122,1436070,1531321,1560706,1710337,1931245,2207410,2046378
" ","Bornholm",454502,470138,534223,597793,622460,693068,773470,846584,777380
" ","Greve",660642,727060,819605,883655,908211,994547,1058593,1184139,1089567
" ","Køge",421828,479201,540591,595659,620954,698815,752885,851436,792606
" ","Lejre",685886,774492,841242,922495,933111,1042144,1111789,1211825,1148599
" ","Roskilde",600486,667177,746309,822835,844030,943121,1016521,1168034,1097765
" ","Solrød",759222,857495,942064,999490,1076104,1195317,1296056,1468404,1368528
" ","Faxe",404925,438210,482804,552055,593954,667676,735714,852373,759991
" ","Guldborgsund",380308,399253,435943,474081,488403,563052,619500,698925,645989
" ","Holbæk",440488,466234,508919,583471,591631,689393,760117,874290,801798
" ","Kalundborg",439589,470133,507965,560767,577005,652855,725186,828846,767724
" ","Lolland",330273,355522,389329,409477,430044,492688,537680,607771,549899
" ","Næstved",388235,420233,459430,518987,541789,610909,670741,772836,706038
" ","Odsherred",464651,510181,540454,610338,640194,732769,810141,944951,864351
" ","Ringsted",403103,439404,490117,549097,566341,630323,699764,795471,717160
" ","Slagelse",340386,369889,412897,447784,467852,521593,576693,661763,610512
" ","Sorø",472045,494884,552353,604911,646696,733216,791848,920707,847934
" ","Stevns",519794,549996,622662,678950,738692,851188,905899,1024419,963840
" ","Vordingborg",405573,426708,468361,517187,553310,622510,697190,799256,722436
" ","Assens",427690,436762,469116,515467,523221,609113,664785,722251,703933
" ","Faaborg-Midtfyn",462093,485812,517703,552331,572442,648195,734302,805557,759542
" ","Kerteminde",457183,493758,536764,580000,589178,670185,741128,816382,788338
" ","Langeland",456198,483030,503290,538697,555628,616909,688910,755541,712962
" ","Middelfart",493876,546508,579989,618257,642696,723965,793873,902115,857066
" ","Nordfyns",408839,443973,489313,531481,555083,640157,687766,785415,753069
" ","Nyborg",419952,450611,493444,532952,558740,633686,685285,753386,714859
" ","Odense",246293,269143,285932,302478,304972,344233,383178,430468,401380
" ","Svendborg",436934,467821,503682,545918,575725,654774,742926,829424,796260
" ","Ærø",549807,593582,615138,683251,707658,774272,886291,933524,881686
" ","Billund",513197,543193,588810,628853,626129,713765,768849,850683,829942
" ","Esbjerg",387612,418763,450849,487587,503641,569984,615036,697186,661546
" ","Fanø",805026,817038,906814,830207,1006827,1069312,1210053,1417887,1390729
" ","Fredericia",349935,381984,418843,445382,464096,533809,584936,658352,615789
" ","Haderslev",361542,386869,423046,458596,469037,543847,601271,667804,638223
" ","Kolding",372607,406908,433866,474048,493972,555873,634409,709296,676152
" ","Sønderborg",411219,443399,467515,512870,524776,588002,641573,720729,683679
" ","Tønder",431433,446751,464310,499117,518239,583578,629444,704667,679448
" ","Varde",489759,513944,560403,587817,601806,682094,765849,843845,781374
" ","Vejen",397240,426736,456332,496378,521099,584959,643528,723767,669644
" ","Vejle",422372,451885,487871,526720,544641,614878,676966,747168,708973
" ","Aabenraa",399133,435815,468252,499907,515106,573287,632042,717442,682696
" ","Favrskov",593581,623948,687368,724203,744739,851521,935977,1065955,1002010
" ","Hedensted",514100,543460,584778,633652,646697,720092,783083,902758,845642
" ","Horsens",360561,397530,433245,471630,495147,551743,612632,682514,636065
" ","Norddjurs",384278,407924,440857,464905,483492,552362,613619,697022,671624
" ","Odder",592151,592576,643410,708509,754237,818981,928533,1053823,1015784
" ","Randers",335647,358654,386111,426908,450215,515937,570802,635224,586506
" ","Samsø",596363,622847,657830,710305,747299,863674,901305,1006125,945597
" ","Silkeborg",504483,544114,599510,645439,653741,740187,822429,906620,866357
" ","Skanderborg",676160,734087,774737,823379,843808,957139,1047502,1203271,1157885
" ","Syddjurs",574336,606318,629009,679744,708650,781580,881347,994282,987589
" ","Aarhus",250510,273694,291560,304831,312350,338620,387987,427184,378044
" ","Herning",465713,483197,508943,549836,562318,642144,706798,784705,739249
" ","Holstebro",476776,496220,513994,555363,581431,647811,731121,824360,780351
" ","Ikast-Brande",459126,486209,521046,557994,586627,649745,711222,783748,711592
" ","Lemvig",526025,575916,586749,614578,627598,722171,791148,875897,814403
" ","Ringkøbing-Skjern",509170,536825,570472,621429,612635,697445,776006,853289,791053
" ","Skive",460668,478273,515162,533130,552825,624699,706685,793039,758339
" ","Struer",469117,479369,502149,544553,556945,625602,697867,776771,724253
" ","Viborg",472127,499758,534176,581970,592977,663040,747346,835075,771353
" ","Brønderslev",446698,464467,503447,518713,531223,596054,648621,725746,681408
" ","Frederikshavn",424235,443870,486357,517339,537987,599222,669927,758097,716783
" ","Hjørring",424669,441501,480500,518409,533588,595932,640893,737113,704130
" ","Jammerbugt",480853,502007,531868,580931,587624,664756,723239,819596,782587
" ","Læsø",677174,671538,670630,722038,722895,813275,859469,923372,905672
" ","Mariagerfjord",445088,457916,492603,542159,560269,638325,711953,780344,756221
" ","Morsø",435593,481452,508168,551551,552895,607091,665579,724721,703391
" ","Rebild",577328,588561,655969,677211,720565,776218,835553,940358,908467
" ","Thisted",450150,483470,503645,556315,556535,616586,690912,772782,726938
" ","Vesthimmerlands",440199,443381,491206,531309,534216,615582,672841,749516,723450
" ","Aalborg",302125,321000,341666,368413,367373,397300,426836,475661,465491
"18-29 years"
" ","All Denmark",21614,24495,26681,29600,32380,36472,51286,58167,56365
" ","Capital municipalities",32173,35908,38403,41108,43381,47893,65356,71608,66238
" ","Metropolitan municipalities",20388,23144,25822,28683,31753,35756,52148,59530,56954
" ","Provincial municipalities",17805,20642,22337,25537,28541,32636,45511,52197,51701
" ","Commuter municipalities",18180,20493,22613,26069,28805,32741,45786,53064,52604
" ","Rural municipalities",15135,17269,18777,21272,23567,26933,37939,44692,46425
" ","Copenhagen",40913,45061,47825,49440,50976,55889,75636,81238,75507
" ","Frederiksberg",44026,48461,50120,54993,61141,67066,93891,103093,92643
" ","Dragør",26350,28729,31140,34646,41217,45253,59208,69280,62941
" ","Tårnby",27829,30870,33836,36176,37874,38890,52872,54644,54121
" ","Albertslund",10440,13125,13483,16248,16654,18806,27457,31925,28582
" ","Ballerup",20684,22569,24455,27947,30074,33662,46086,51911,46889
" ","Brøndby",16447,18457,19329,20089,20820,21990,31483,34249,33324
" ","Gentofte",26619,28500,28960,34074,37050,43499,64266,74274,70316
" ","Gladsaxe",25057,27784,31060,33843,35856,39680,54487,60542,56514
" ","Glostrup",28974,32609,35585,38229,39742,42796,55745,65924,61958
" ","Herlev",22843,24865,27380,29540,30858,32839,45316,50873,44309
" ","Hvidovre",24297,29335,31579,33425,35065,35156,47442,50859,50584
" ","Høje-Taastrup",20489,23145,25737,28156,29116,35407,44719,47335,45129
" ","Ishøj",15532,16552,17340,20061,20010,23053,28795,31223,28715
" ","Lyngby-Taarbæk",30366,33427,36295,38942,42993,45744,63624,62006,58572
" ","Rødovre",23229,24148,26874,30928,32432,34979,44733,47373,48157
" ","Vallensbæk",30349,33700,33846,37708,40400,39367,50943,52059,49712
" ","Allerød",29928,33396,35800,37845,44926,47302,65559,72442,66804
" ","Egedal",28013,34297,37016,43584,47620,50296,68551,76724,66104
" ","Fredensborg",19875,22773,24020,27052,30689,31277,46377,48912,50827
" ","Frederikssund",20996,22587,27481,30330,33809,37978,54148,62145,60541
" ","Furesø",21135,23795,27151,31201,34957,38644,58394,61314,56145
" ","Gribskov",18393,20957,24297,26068,29788,31470,45681,53775,51520
" ","Halsnæs",15848,19085,21128,23331,24407,29947,43035,51325,47620
" ","Helsingør",16347,18650,20463,22640,26805,30126,42246,49045,46331
" ","Hillerød",24743,28705,29762,35318,37423,42925,58191,60556,60499
" ","Hørsholm",28169,30131,31206,30611,33372,44156,62200,69075,66071
" ","Rudersdal",26554,30065,31176,35570,35958,42385,57145,66034,65076
" ","Bornholm",13406,15474,18963,20917,24462,29778,42828,49955,51054
" ","Greve",24735,26549,31667,34555,36671,39170,50324,57828,53245
" ","Køge",17170,20932,24137,27427,32294,35817,46070,53273,52405
" ","Lejre",20268,26610,28973,33685,36599,41408,57637,64520,54453
" ","Roskilde",18221,21449,23906,29333,33262,36264,50949,57247,55958
" ","Solrød",25057,30980,35620,41276,42799,50115,65193,76212,64777
" ","Faxe",12743,16257,17495,23412,26521,27979,36748,47071,44280
" ","Guldborgsund",9270,10414,10881,11409,13914,16070,23887,31329,33498
" ","Holbæk",15586,17136,19872,23515,24281,28680,40194,47311,47362
" ","Kalundborg",12887,15504,16364,19931,22738,23253,32362,39226,41724
" ","Lolland",6200,7163,7184,7837,9004,10636,15682,20398,23306
" ","Næstved",15100,17562,18316,20963,22160,25525,37448,46692,45440
" ","Odsherred",12995,15698,17230,19796,22543,24746,30576,38588,36647
" ","Ringsted",18618,21436,24327,26642,29012,34791,45274,52146,49905
" ","Slagelse",12591,14559,16328,18611,20729,22975,32190,40139,40254
" ","Sorø",17315,20536,21412,24382,26565,31539,44507,52381,50426
" ","Stevns",13553,16214,18583,23458,23787,29777,43075,53385,48436
" ","Vordingborg",10279,10817,11806,13222,15419,17471,27148,33068,34711
" ","Assens",12102,13184,16554,18194,19699,24003,32475,39420,43819
" ","Faaborg-Midtfyn",15301,18335,19558,20811,24480,28013,40027,47026,49194
" ","Kerteminde",14448,16362,15262,20527,22531,23737,35205,43451,47203
" ","Langeland",11455,13885,14049,16891,19285,19040,31892,37048,47447
" ","Middelfart",17964,21691,21927,26723,29623,32675,44971,53629,55227
" ","Nordfyns",12303,16918,18427,20383,23269,25408,38452,45943,48036
" ","Nyborg",12877,13253,14300,18325,19152,24610,32934,35349,38234
" ","Odense",16146,18203,20526,23084,24982,28851,42960,49231,48110
" ","Svendborg",11811,13783,15442,17777,19412,24494,34067,41042,42158
" ","Ærø",10588,14390,15638,14939,23138,26338,35986,45511,38769
" ","Billund",24199,31844,34321,38176,39753,43906,56305,63688,63809
" ","Esbjerg",19050,22212,24238,27626,28734,32260,43760,49867,49805
" ","Fanø",15364,22423,25030,33030,33044,31235,49501,58144,54286
" ","Fredericia",12814,14300,16007,17479,19749,25008,35769,42556,43139
" ","Haderslev",14627,16033,18090,20479,22473,25369,37207,43725,46816
" ","Kolding",17529,19608,22376,25155,27976,31612,42660,49269,48460
" ","Sønderborg",15057,16848,19197,22552,25458,30002,38966,43688,42105
" ","Tønder",18164,20073,22824,23329,27345,32058,43175,46734,50947
" ","Varde",22261,26407,25950,30150,30891,36572,50708,57614,58502
" ","Vejen",16749,20616,21567,27266,30111,34435,44655,53441,54363
" ","Vejle",21120,24696,26935,30421,33846,37315,52984,58828,56569
" ","Aabenraa",15929,20760,21715,23885,25125,28937,41540,50783,51945
" ","Favrskov",25417,26801,29939,34879,36843,42246,56284,63378,61356
" ","Hedensted",27325,28754,31618,37150,39388,44337,59842,66429,66605
" ","Horsens",15039,17924,18590,22018,25172,29086,43083,46340,46266
" ","Norddjurs",11721,14218,16155,18693,20629,21825,32262,38714,42441
" ","Odder",20861,20512,22718,24690,30956,33026,51029,58706,50875
" ","Randers",13728,15852,16496,19509,22457,27642,36943,43815,41942
" ","Samsø",15029,26334,26741,35650,41167,33043,54713,51502,55190
" ","Silkeborg",21493,24244,26531,29352,34259,40365,55944,62583,61706
" ","Skanderborg",25791,28520,30781,31878,36914,43767,61826,71613,67817
" ","Syddjurs",15706,19297,20095,23803,26043,28696,43477,49352,48234
" ","Aarhus",25307,28701,31491,34420,37988,42186,61246,69067,63750
" ","Herning",21931,25136,26769,29208,33827,38416,52991,62688,64570
" ","Holstebro",24112,27148,28535,31462,35303,38966,55993,64503,64138
" ","Ikast-Brande",21884,23264,26062,28456,32441,36126,48317,52307,53918
" ","Lemvig",24064,29652,28623,29407,37131,43377,60056,65085,60955
" ","Ringkøbing-Skjern",26904,29729,30201,34362,39099,44301,59782,65234,68532
" ","Skive",17021,19056,20453,22335,25029,29787,44140,52692,55420
" ","Struer",12093,12972,15172,18452,20598,22871,33053,42278,41298
" ","Viborg",18115,21662,21938,24803,27655,31452,43976,51440,52475
" ","Brønderslev",15107,16332,18654,19227,21353,24257,33491,40771,43824
" ","Frederikshavn",13097,14323,16118,17865,19324,20881,31873,36378,37486
" ","Hjørring",13280,13530,15114,18264,20358,23372,32940,41093,42602
" ","Jammerbugt",15465,17149,17707,19331,23734,24299,34517,44570,47895
" ","Læsø",21575,19281,28392,41221,42907,50367,67518,77001,114711
" ","Mariagerfjord",17057,19085,21791,25305,28004,30307,42493,45386,48095
" ","Morsø",18057,22761,23767,26804,29195,27057,43018,47817,55287
" ","Rebild",21900,23425,26220,30969,33818,39503,51443,58506,64982
" ","Thisted",21009,23610,25430,29333,31296,33768,49901,58566,57788
" ","Vesthimmerlands",19219,21122,22053,24249,26071,28091,37548,44551,49556
" ","Aalborg",16316,18726,20997,24163,27500,31199,45010,51542,52104
"30-39 years"
" ","All Denmark",183744,209348,224452,242603,242735,267183,296129,334343,309671
" ","Capital municipalities",253225,289443,301677,316039,308968,330545,371601,397726,354330
" ","Metropolitan municipalities",177129,201890,215769,227722,226837,239290,267825,302043,278781
" ","Provincial municipalities",171023,197511,213246,234737,237639,262844,286209,329557,305994
" ","Commuter municipalities",164290,189125,208140,236149,245543,278485,301673,360097,343986
" ","Rural municipalities",126189,139613,151869,168173,166996,192452,213589,252061,241678
" ","Copenhagen",236825,262945,272403,285001,274348,292893,331891,337724,311049
" ","Frederiksberg",382167,416361,416655,428174,417440,432780,504439,525377,486244
" ","Dragør",444647,538774,583300,556004,593166,653219,698923,849848,811163
" ","Tårnby",326353,401360,421599,442804,427347,427249,467412,482436,446681
" ","Albertslund",135347,161178,180763,193323,190306,215516,225702,259400,249444
" ","Ballerup",207615,223273,245110,263341,264611,297871,334012,376363,315709
" ","Brøndby",128055,136256,153881,165452,170733,190726,211035,221222,188698
" ","Gentofte",408001,443700,440043,427653,434408,455009,527008,603523,493852
" ","Gladsaxe",238950,266430,276967,293551,281919,308999,341135,382010,350931
" ","Glostrup",218909,247824,276829,290898,288878,288638,304915,327661,290933
" ","Herlev",205851,258535,275729,275891,283655,310925,344696,379359,308455
" ","Hvidovre",248370,306464,329809,347971,341061,361813,388087,413589,365329
" ","Høje-Taastrup",160983,197591,220661,234769,239357,256902,280063,307636,237207
" ","Ishøj",107909,137281,162521,181670,171975,198162,217107,232936,211112
" ","Lyngby-Taarbæk",401313,453844,457283,479238,451197,484791,534188,553762,427568
" ","Rødovre",214905,269779,283404,300386,293584,308000,315905,353770,280478
" ","Vallensbæk",272861,321876,354919,359559,358157,400745,460089,497659,434337
" ","Allerød",432809,489640,492963,574316,620146,628060,723534,970999,936964
" ","Egedal",347481,425738,461024,491620,493755,506107,555655,725579,658284
" ","Fredensborg",155933,190250,217180,252803,274541,305501,336628,399688,397507
" ","Frederikssund",188643,232426,263760,313215,319132,333988,363266,421962,408375
" ","Furesø",358754,392234,411690,440648,428479,494262,534827,711571,569108
" ","Gribskov",139710,176927,223159,249464,276054,296265,328888,406064,371947
" ","Halsnæs",112225,139744,173726,219099,244521,266335,285762,359825,320250
" ","Helsingør",141468,175070,202603,222821,243543,280084,313374,374954,317797
" ","Hillerød",225318,275901,300699,341187,349397,404559,423703,490125,417736
" ","Hørsholm",349696,424029,416251,456132,489935,543143,610246,839408,688351
" ","Rudersdal",395649,540070,542841,589211,587221,636797,728042,954344,844960
" ","Bornholm",94049,108599,140259,173806,191054,210177,229698,268478,250874
" ","Greve",235964,309503,359835,380390,392483,421330,439624,530287,487221
" ","Køge",155330,208585,229933,267954,272339,298492,301373,351769,331189
" ","Lejre",204951,258743,292599,334852,340830,397821,395348,453080,441570
" ","Roskilde",246938,299409,347321,382761,377723,409987,430084,529469,486896
" ","Solrød",281927,369302,406251,447158,484731,547445,586411,737092,668181
" ","Faxe",87421,112316,130699,171401,197533,226740,239976,319719,286393
" ","Guldborgsund",83535,95942,112451,131686,133533,162261,183785,220851,195930
" ","Holbæk",148960,161242,180551,209762,211567,251446,283222,339154,297662
" ","Kalundborg",122966,139863,160927,191310,197528,224331,248541,295053,271713
" ","Lolland",57533,66894,78219,87965,97514,119420,130922,153511,143365
" ","Næstved",126077,154125,171804,208392,218411,244956,263422,318046,287574
" ","Odsherred",73259,97000,110519,153023,154295,190276,211748,260801,229035
" ","Ringsted",167587,199823,219599,258909,263966,282039,297125,365244,326089
" ","Slagelse",115159,138528,168653,183305,182316,199972,214760,255027,226973
" ","Sorø",136687,148580,174606,198788,230625,274295,286354,364534,342910
" ","Stevns",128595,164630,200186,222291,245921,313207,290944,365083,359834
" ","Vordingborg",84057,89435,113804,149972,155061,180560,207792,245050,213412
" ","Assens",122354,123724,128833,155684,152533,187879,215653,238890,265161
" ","Faaborg-Midtfyn",137896,152507,161714,178960,192253,226892,256459,306401,289674
" ","Kerteminde",151175,176451,196771,213373,207225,233534,241290,281772,264134
" ","Langeland",89959,94676,105451,123917,98608,116939,141485,175475,155111
" ","Middelfart",172674,201451,198981,210211,229988,260299,278425,334567,336641
" ","Nordfyns",126352,154423,169264,184465,191554,213007,215633,270918,267135
" ","Nyborg",134421,162574,183382,190417,179695,207984,216792,253352,235780
" ","Odense",146914,171555,182358,194140,189352,207853,231795,267868,243236
" ","Svendborg",118960,138371,151694,171231,181115,217210,252678,289978,278353
" ","Ærø",74305,78497,94961,128553,136438,193629,191180,198044,206473
" ","Billund",192316,221405,239351,249917,245994,282105,300126,340810,328286
" ","Esbjerg",172653,193392,205840,225879,222577,253498,258368,302728,284983
" ","Fanø",145421,107901,134947,63210,130538,166259,256955,346787,408361
" ","Fredericia",128584,157922,172401,176208,172855,197747,208114,247310,235572
" ","Haderslev",113550,123336,134266,154325,151364,182168,201102,224432,222903
" ","Kolding",169986,204127,206256,223511,226421,248445,272641,316553,301938
" ","Sønderborg",146493,159960,165210,188329,187927,213179,238708,274755,268105
" ","Tønder",121441,127248,134183,150032,150990,181232,190900,227744,223944
" ","Varde",153926,166950,191540,203144,197610,229568,251028,296646,283644
" ","Vejen",134391,162920,174829,198362,205768,227611,242875,282579,263022
" ","Vejle",174748,194289,211608,233523,233731,258029,289087,319871,306931
" ","Aabenraa",130870,152554,163114,173234,180633,197997,225766,279132,268769
" ","Favrskov",228898,264018,288975,300426,304190,358980,380826,460227,428401
" ","Hedensted",178529,198619,218781,243068,238883,271733,279999,340960,326398
" ","Horsens",181183,210197,232539,244813,248005,260091,291718,338765,306353
" ","Norddjurs",97456,111871,129225,143048,133729,153297,188230,212132,212395
" ","Odder",181813,174366,188672,226440,258105,264171,302440,385081,376383
" ","Randers",128563,147617,157660,170293,171878,191626,217047,243507,224734
" ","Samsø",161697,133214,137270,163594,150035,196888,208710,253663,248917
" ","Silkeborg",216559,241438,259731,280457,283326,319744,350390,410969,403906
" ","Skanderborg",288091,330151,340431,377541,390939,449225,496261,615288,626370
" ","Syddjurs",154814,175738,179295,215354,212246,243592,280450,330836,374792
" ","Aarhus",192537,221737,240916,251294,257876,272086,313455,348674,312759
" ","Herning",208772,223204,225764,245823,244658,270868,294338,330834,312030
" ","Holstebro",203005,214687,213195,230934,236704,264421,314854,347765,333108
" ","Ikast-Brande",180415,205373,211467,235739,243624,260340,286332,318693,279789
" ","Lemvig",155979,198649,177504,168136,160545,187240,192352,237307,244894
" ","Ringkøbing-Skjern",174875,190672,188657,215380,199618,232945,255359,288832,276772
" ","Skive",158593,182040,190919,192836,180965,209463,240553,270930,262295
" ","Struer",117782,128060,132720,140957,140251,166516,197628,231196,236294
" ","Viborg",177031,200278,207803,227759,229536,247687,270003,304106,274422
" ","Brønderslev",134325,148512,153811,161121,165509,186903,204747,239357,235975
" ","Frederikshavn",116879,121337,136507,130876,138395,149851,170792,206906,198330
" ","Hjørring",119358,124416,138668,147399,152950,167578,175639,215487,214382
" ","Jammerbugt",153558,166569,169329,189190,181429,199150,224707,255885,245567
" ","Læsø",218598,167594,113364,118049,173761,183791,198951,206819,242106
" ","Mariagerfjord",157492,158872,171772,178722,182860,202498,234626,256700,254978
" ","Morsø",140465,170166,162372,185206,173684,171947,185654,202005,216060
" ","Rebild",217649,220250,263751,264794,296318,314717,319488,384337,369299
" ","Thisted",147003,170450,168905,189277,169704,198700,217034,270619,258338
" ","Vesthimmerlands",150046,147143,169909,176551,166803,201095,220126,240952,243576
" ","Aalborg",184557,203183,211069,221826,212541,215784,233163,266313,258395
"40-49 years"
" ","All Denmark",538734,586535,636670,689865,706660,794955,880607,991466,905204
" ","Capital municipalities",726517,809933,865676,921187,941301,1025973,1129320,1235267,1109216
" ","Metropolitan municipalities",563714,619361,663732,716208,739814,816161,908901,1034611,971474
" ","Provincial municipalities",517074,562702,613854,668809,687362,778574,862320,978696,890498
" ","Commuter municipalities",498116,539822,593371,654005,676381,774533,854359,975413,896154
" ","Rural municipalities",422105,447571,486625,528051,536910,616776,683252,774115,708266
" ","Copenhagen",601622,666553,711748,756781,774708,844002,937418,993615,910987
" ","Frederiksberg",940671,1011617,1057453,1109292,1111875,1212268,1354577,1474471,1362289
" ","Dragør",1151601,1232091,1351479,1340199,1327692,1478353,1619537,1910945,1798225
" ","Tårnby",757881,875204,947292,1047998,1039059,1128517,1241015,1303766,1246475
" ","Albertslund",437412,487071,539347,607105,623285,675961,742573,824230,691789
" ","Ballerup",651249,716762,770330,823024,812721,910716,1007779,1108365,919236
" ","Brøndby",391084,421703,477507,514725,507988,581504,616576,679902,548984
" ","Gentofte",1355717,1511865,1587235,1691145,1735984,1895657,2149093,2298551,2077937
" ","Gladsaxe",719700,847404,951395,982035,1032623,1106110,1175210,1306933,1182703
" ","Glostrup",628741,665858,732294,773981,778657,840347,940005,1025559,888063
" ","Herlev",550431,619384,683636,732872,738769,813613,884681,995435,875972
" ","Hvidovre",664617,794684,829728,889068,907563,997950,1104689,1154738,1044347
" ","Høje-Taastrup",523936,603053,673083,708420,737118,793036,843724,896770,764295
" ","Ishøj",312294,365033,402166,442793,455979,520486,568573,632267,543753
" ","Lyngby-Taarbæk",1250223,1353635,1436663,1516969,1530271,1638439,1846101,2017132,1804930
" ","Rødovre",603998,719963,779517,844672,839176,970658,989430,1094075,904381
" ","Vallensbæk",893586,922548,1029132,1067277,1028009,1108797,1212271,1355086,1188388
" ","Allerød",1080352,1189298,1211457,1315551,1374884,1453460,1643168,1965214,1810763
" ","Egedal",904991,998267,1073855,1131203,1149987,1232766,1346157,1584090,1379418
" ","Fredensborg",605997,668304,690266,789784,834293,934205,1006553,1137880,1048824
" ","Frederikssund",554015,617523,704431,786522,825840,922163,1024763,1154949,1050741
" ","Furesø",1035694,1131601,1236190,1332937,1350874,1442278,1556838,1864399,1646323
" ","Gribskov",486835,538863,619253,667447,691337,790616,885585,1029079,951463
" ","Halsnæs",353454,383884,464735,550300,611307,702520,788159,912339,838139
" ","Helsingør",500398,569330,645483,699074,736705,841622,922731,1098809,896626
" ","Hillerød",740695,807396,861584,965715,977875,1084802,1166528,1305351,1162942
" ","Hørsholm",1050034,1159814,1213112,1362829,1410055,1549219,1743660,2092507,1814895
" ","Rudersdal",1264494,1409072,1403065,1480731,1538512,1716390,1956010,2279582,2030805
" ","Bornholm",358338,370376,435299,503295,523131,604738,678355,756493,682308
" ","Greve",716152,794943,882802,952035,967655,1065739,1135469,1302542,1175744
" ","Køge",499071,585096,668569,739140,768877,849541,930569,1042714,942720
" ","Lejre",602474,687197,756958,830617,823508,951946,988070,1100036,1038662
" ","Roskilde",750654,846236,938192,1029842,1036755,1138969,1237726,1428202,1317958
" ","Solrød",780762,873373,959335,1015483,1100361,1217592,1325556,1552582,1440006
" ","Faxe",378890,429251,483179,564493,601810,691171,746236,872613,741805
" ","Guldborgsund",321596,339603,391635,434350,454782,531982,593983,682023,618483
" ","Holbæk",455756,485252,540403,637358,628709,751864,835556,967087,867294
" ","Kalundborg",426521,464411,517419,580142,589472,675571,756740,877372,763842
" ","Lolland",264325,293510,330511,343773,360912,420077,453823,527795,468905
" ","Næstved",424067,469223,516830,592250,612093,698494,762777,879816,788730
" ","Odsherred",333007,380185,411391,473491,478940,588781,640712,760162,650162
" ","Ringsted",470093,512490,577571,659300,705983,791966,860130,984376,880778
" ","Slagelse",379157,422357,482646,527729,545063,622859,695283,817230,722419
" ","Sorø",442256,467674,539923,601714,649553,739770,804414,932826,832623
" ","Stevns",453795,480397,551059,620497,683029,799881,827294,950774,850843
" ","Vordingborg",328532,356128,393205,453486,480800,561934,629423,733417,641857
" ","Assens",423032,439652,473339,527814,529778,625315,687587,748787,707018
" ","Faaborg-Midtfyn",443136,477910,506806,551102,549602,636403,732112,800882,738077
" ","Kerteminde",456432,503715,555116,578042,595455,687722,767387,858892,803986
" ","Langeland",361628,390968,425695,450368,476801,532744,614622,626467,526082
" ","Middelfart",487438,538439,586078,635108,650244,746594,835728,960415,887234
" ","Nordfyns",382762,432750,486461,536954,568065,662512,711172,820021,747140
" ","Nyborg",430354,463406,516421,548574,571852,662448,727816,826114,765554
" ","Odense",488518,550523,593287,642930,675916,758093,843776,961689,884317
" ","Svendborg",461913,491396,534861,576824,612741,700170,796004,890981,831771
" ","Ærø",426012,438306,463198,495920,485743,527902,628836,705596,600390
" ","Billund",570115,603999,649123,666660,655912,760968,822569,910398,871248
" ","Esbjerg",504160,541013,580036,632517,636200,726687,787910,898281,819274
" ","Fanø",465558,463858,515225,467256,621835,701597,794528,950181,981842
" ","Fredericia",429960,464858,512562,540359,554028,640225,707744,816334,736521
" ","Haderslev",390102,419788,466557,493864,490468,581674,639833,716508,669069
" ","Kolding",509027,553084,594003,645264,668951,751603,840913,957300,882934
" ","Sønderborg",460117,495108,522149,581679,586096,664683,725951,819310,746510
" ","Tønder",395845,406152,424642,459728,492151,557426,600575,675593,638043
" ","Varde",485682,506416,564036,577336,588214,677527,751492,833746,749985
" ","Vejen",422802,452669,487522,521606,545968,635628,715845,806947,715434
" ","Vejle",509363,546517,594213,645110,659924,758560,835923,946375,876088
" ","Aabenraa",426405,458054,500436,546379,557253,621055,675099,771706,709931
" ","Favrskov",633103,679151,752104,783775,808935,938184,1026854,1192130,1107264
" ","Hedensted",533886,565584,602535,666254,666068,755170,831840,954997,867230
" ","Horsens",501758,553945,609235,665225,700882,784608,877907,1010796,912784
" ","Norddjurs",371615,394965,417265,453549,452371,524043,584777,676089,609395
" ","Odder",573080,579168,625767,693143,734568,797261,912814,1041144,980131
" ","Randers",420523,443218,483727,538587,561161,650718,721222,816231,738138
" ","Samsø",363454,390318,418196,470666,501830,572016,601889,662593,607596
" ","Silkeborg",592727,637815,701033,759268,755522,866759,971580,1090639,1026147
" ","Skanderborg",730232,789453,832378,894685,914882,1047031,1156248,1342472,1290798
" ","Syddjurs",507304,536768,570316,622265,644260,709730,801289,925060,916483
" ","Aarhus",620197,680957,732456,783683,814630,900989,1014045,1181829,1112529
" ","Herning",582825,609426,643127,689523,698709,788722,884769,966557,890735
" ","Holstebro",565075,575615,613468,660140,695142,783700,896795,1004413,928789
" ","Ikast-Brande",508211,542519,576681,625597,656848,745393,821852,901324,791903
" ","Lemvig",485758,536745,542434,571647,566938,664304,716211,790967,709355
" ","Ringkøbing-Skjern",521148,551847,589028,642491,615207,712522,795332,884995,795261
" ","Skive",485564,502958,549496,577965,582660,673666,765164,866660,812757
" ","Struer",472797,485026,496702,517095,520681,586103,679779,768092,688422
" ","Viborg",520500,557249,602895,650880,659619,734351,841848,961650,860551
" ","Brønderslev",460899,474680,523186,537949,550686,630256,690772,771697,725460
" ","Frederikshavn",435263,444919,488751,502423,506312,565399,630080,725909,647752
" ","Hjørring",428257,446805,486982,523630,536531,612382,658501,766307,711936
" ","Jammerbugt",448851,477526,514348,567435,571768,643537,722088,809599,775467
" ","Læsø",383721,477605,507020,584314,574360,691614,711475,828151,653860
" ","Mariagerfjord",434441,450698,491161,549859,560045,652769,739729,817555,768756
" ","Morsø",427765,477940,505633,560653,545255,588082,667309,729456,671420
" ","Rebild",597051,623444,707553,740484,765735,843627,943002,1044995,980249
" ","Thisted",423820,472308,485939,544329,527986,583780,660020,769290,716077
" ","Vesthimmerlands",450545,450296,503490,542692,539094,623665,680801,765440,728101
" ","Aalborg",564970,614606,654082,709230,708853,769699,838746,938756,895282
"50-59 years"
" ","All Denmark",980406,1014814,1074724,1136529,1158040,1283738,1408388,1564995,1445400
" ","Capital municipalities",1276660,1358816,1433386,1509556,1531602,1667678,1817818,1984199,1827028
" ","Metropolitan municipalities",1058896,1101635,1160112,1221268,1237263,1343607,1470216,1628620,1514510
" ","Provincial municipalities",960002,992566,1049378,1111951,1132474,1265199,1391275,1552757,1432267
" ","Commuter municipalities",929968,955638,1019578,1087230,1121770,1253946,1373461,1545022,1427709
" ","Rural municipalities",815454,832060,881018,928979,942692,1050620,1157754,1290309,1188405
" ","Copenhagen",976652,1032238,1088452,1153883,1173737,1290630,1430126,1558928,1463590
" ","Frederiksberg",1575229,1648217,1705225,1774697,1790377,1962903,2154238,2351250,2183605
" ","Dragør",1877137,2020132,2143916,2192266,2271471,2515840,2680350,3010493,2766329
" ","Tårnby",1346561,1441803,1484667,1582673,1569163,1683918,1809048,1890165,1721374
" ","Albertslund",777843,816352,911921,944496,930761,1045027,1143656,1290786,1129479
" ","Ballerup",1096400,1129583,1221425,1299225,1298915,1461530,1576675,1722463,1553748
" ","Brøndby",779236,782214,831191,861988,875928,956676,1027876,1092494,942314
" ","Gentofte",2525871,2691178,2716705,2814149,2834287,3056573,3370033,3644551,3349818
" ","Gladsaxe",1295648,1394210,1470910,1526680,1558472,1698277,1819949,1970149,1871158
" ","Glostrup",1064563,1142890,1194230,1284885,1300438,1348950,1457949,1578294,1431250
" ","Herlev",1018929,1073412,1134452,1186385,1201033,1306558,1427541,1591958,1416900
" ","Hvidovre",1173697,1264196,1341520,1421254,1427893,1500131,1609976,1710760,1565881
" ","Høje-Taastrup",1032662,1116406,1208932,1268378,1297897,1412243,1511684,1648305,1466501
" ","Ishøj",629848,695607,783178,815030,810979,911317,948890,1043442,939937
" ","Lyngby-Taarbæk",2122093,2250023,2285773,2360782,2345402,2510442,2774853,2958009,2782632
" ","Rødovre",1094970,1144151,1208391,1288724,1268452,1418739,1502502,1625519,1401399
" ","Vallensbæk",1600479,1660555,1792071,1829232,1873157,2049559,2243075,2464794,2173186
" ","Allerød",1910975,2024124,2082541,2219654,2295340,2447565,2711495,3092162,2807619
" ","Egedal",1499093,1622255,1725152,1822770,1862177,2012234,2187808,2490063,2206786
" ","Fredensborg",1262551,1318894,1353082,1474392,1525257,1691753,1831919,2061519,1884661
" ","Frederikssund",1003505,1057451,1174326,1285010,1344292,1458519,1606538,1812096,1659837
" ","Furesø",1949483,1993633,2127607,2237712,2345726,2491578,2669444,2987238,2687878
" ","Gribskov",994229,1042921,1125783,1181964,1231955,1394965,1578520,1780126,1626258
" ","Halsnæs",753852,795854,874929,988284,1028967,1151659,1254599,1438779,1299894
" ","Helsingør",941074,1014826,1068521,1155118,1211964,1369802,1529807,1775717,1546406
" ","Hillerød",1414823,1471383,1568741,1692547,1747574,1921870,2025335,2205559,2003831
" ","Hørsholm",1943646,2076567,2132094,2244986,2301347,2470162,2829241,3253673,2901554
" ","Rudersdal",2285526,2417485,2485922,2631042,2677046,2864304,3157267,3481108,3194105
" ","Bornholm",742704,741918,818470,893562,935044,1041390,1162303,1268929,1138404
" ","Greve",1311131,1413549,1550635,1640470,1688191,1829207,1976993,2168881,1957515
" ","Køge",888113,963228,1039623,1141756,1182014,1343610,1465864,1637090,1525636
" ","Lejre",1193718,1269988,1337063,1441032,1438390,1620462,1714725,1873042,1765380
" ","Roskilde",1372510,1438552,1550226,1635468,1655578,1818250,1998176,2229989,2035394
" ","Solrød",1472101,1563396,1638286,1752339,1863060,2089726,2257629,2464609,2271299
" ","Faxe",777158,806278,862822,962018,1027747,1152333,1262085,1455581,1276228
" ","Guldborgsund",707959,718149,772226,816996,831947,949044,1045188,1159628,1045593
" ","Holbæk",885389,901115,965227,1061552,1054033,1213266,1337607,1506147,1395113
" ","Kalundborg",837239,854461,907749,965785,968816,1091042,1202048,1347663,1233719
" ","Lolland",587716,610620,639905,659086,677112,756481,828205,936000,824082
" ","Næstved",830136,861350,907346,976275,996308,1103716,1225786,1390043,1254906
" ","Odsherred",732538,770280,787993,847539,885247,1009549,1110765,1291024,1131278
" ","Ringsted",923843,951927,1017617,1085501,1096426,1225019,1335161,1527561,1370524
" ","Slagelse",787469,820047,900988,948661,971145,1069522,1170727,1316103,1184385
" ","Sorø",896804,900151,968557,1019348,1089179,1202427,1289305,1485084,1349702
" ","Stevns",873918,916279,1011161,1062431,1147056,1295384,1344250,1508681,1400404
" ","Vordingborg",705139,713411,774651,814631,858415,955515,1052745,1216844,1083734
" ","Assens",812051,815286,855264,918646,915069,1031678,1132943,1232287,1165448
" ","Faaborg-Midtfyn",819319,831978,884707,938930,968850,1081174,1219343,1333061,1239074
" ","Kerteminde",852808,878565,919181,974655,987881,1119654,1237993,1378949,1290647
" ","Langeland",664406,706839,759755,787606,806570,883310,967434,1093427,960906
" ","Middelfart",899260,942924,960694,1017093,1031887,1197638,1301180,1455293,1357452
" ","Nordfyns",799228,806659,847997,914690,926371,1062153,1131785,1290325,1207981
" ","Nyborg",783954,805149,855296,910527,956349,1077699,1181146,1310950,1198148
" ","Odense",916697,966057,1013732,1078749,1109374,1219627,1338944,1477051,1360964
" ","Svendborg",933342,956223,991483,1047315,1083046,1193107,1349147,1474638,1371916
" ","Ærø",861390,886117,897600,973921,993101,1109769,1249421,1345291,1207637
" ","Billund",982904,1018472,1089918,1136673,1148457,1291325,1394431,1542674,1470397
" ","Esbjerg",937503,965529,1010495,1057725,1067814,1209342,1313782,1453515,1351767
" ","Fanø",1076848,1054828,1160332,1031301,1206998,1235407,1358664,1602438,1524667
" ","Fredericia",866386,890182,944883,989941,1019209,1142205,1246950,1386991,1273736
" ","Haderslev",789877,808256,857697,892003,907052,1026532,1117710,1237642,1155565
" ","Kolding",906541,960077,1002155,1055253,1073948,1193302,1327248,1494439,1405039
" ","Sønderborg",816052,853680,891049,951334,959639,1084991,1180280,1315900,1239831
" ","Tønder",812401,814127,848036,880300,878802,980153,1065599,1176209,1061226
" ","Varde",955815,969550,1040208,1063882,1051888,1180906,1312777,1451105,1324320
" ","Vejen",806594,838106,883084,925339,956128,1064278,1179994,1292746,1184939
" ","Vejle",970213,1002802,1046700,1102319,1125361,1267999,1398585,1541176,1445906
" ","Aabenraa",783856,805835,869243,902538,932107,1028747,1124826,1275562,1183713
" ","Favrskov",1095666,1109065,1193381,1263086,1284450,1445478,1577151,1790654,1668077
" ","Hedensted",959703,966829,1021067,1087234,1109016,1219976,1329829,1532818,1417953
" ","Horsens",865568,896257,971313,1027263,1062486,1163021,1283421,1462274,1345390
" ","Norddjurs",751481,770710,816314,848864,844326,947112,1042027,1185397,1087431
" ","Odder",1087908,1069368,1118407,1191273,1232564,1329401,1504863,1665513,1573245
" ","Randers",792921,811096,860186,924094,947632,1059629,1172956,1300950,1193473
" ","Samsø",790077,811883,880373,871174,890917,1052938,1072099,1171571,1036402
" ","Silkeborg",1088853,1102894,1178267,1240504,1218948,1370029,1522131,1673442,1578099
" ","Skanderborg",1184898,1257068,1334203,1405020,1442338,1618098,1762003,2004402,1901185
" ","Syddjurs",957477,963237,991995,1069871,1104507,1224355,1366411,1528157,1479804
" ","Aarhus",1203848,1255038,1321386,1370000,1395546,1501057,1655507,1847477,1706532
" ","Herning",1021338,1034287,1076126,1132425,1133657,1289435,1418801,1552883,1450505
" ","Holstebro",1028243,1033294,1058098,1116529,1132359,1255737,1388625,1547869,1447384
" ","Ikast-Brande",903849,934380,984294,1026107,1068048,1165501,1278097,1429467,1307576
" ","Lemvig",915368,947880,965457,1012091,1015884,1150183,1250545,1390600,1261630
" ","Ringkøbing-Skjern",964594,994506,1032353,1122068,1098407,1227129,1366403,1488122,1360310
" ","Skive",872335,888053,946369,984857,993979,1097391,1215884,1336809,1244724
" ","Struer",835273,835663,852431,926987,937429,1043877,1182259,1301976,1198281
" ","Viborg",991737,1004566,1059891,1122489,1128129,1248864,1379493,1517678,1381720
" ","Brønderslev",859030,877055,932068,941907,958002,1056423,1159690,1302072,1188980
" ","Frederikshavn",794240,806892,868073,905272,926371,1026465,1148141,1262155,1179416
" ","Hjørring",861650,851708,901553,951919,967784,1069489,1151610,1288452,1210525
" ","Jammerbugt",828834,847794,896991,972235,970290,1066214,1166819,1323863,1232645
" ","Læsø",810749,772888,789045,747842,749687,871052,890882,1065391,1042700
" ","Mariagerfjord",857894,856529,882995,953391,971773,1088960,1208104,1304018,1228190
" ","Morsø",770122,810918,842954,902046,917722,981961,1108824,1232311,1164545
" ","Rebild",994357,1001914,1094706,1111643,1184007,1286236,1403069,1577368,1514962
" ","Thisted",865603,876759,901070,955409,956978,1029764,1158175,1296797,1183307
" ","Vesthimmerlands",829496,806609,878767,940981,946705,1059412,1157723,1278339,1191089
" ","Aalborg",1006192,1035782,1101598,1179151,1177575,1276369,1383448,1528466,1436650
"60-69 years"
" ","All Denmark",1403117,1462221,1536492,1611937,1635754,1754695,1870036,2029075,1899614
" ","Capital municipalities",1846552,1955867,2054316,2145463,2185413,2320853,2454710,2621374,2424456
" ","Metropolitan municipalities",1540935,1612287,1692289,1778704,1803860,1932187,2048271,2197118,2059513
" ","Provincial municipalities",1377839,1440188,1517183,1597225,1621063,1738292,1857182,2019996,1889815
" ","Commuter municipalities",1368557,1421491,1494284,1573976,1604620,1727613,1843477,2018010,1896705
" ","Rural municipalities",1147664,1188914,1250918,1312751,1332189,1439789,1540831,1685929,1585996
" ","Copenhagen",1417318,1515620,1591300,1670288,1700806,1802323,1915185,2034639,1902919
" ","Frederiksberg",2277558,2395648,2495185,2582609,2641637,2758363,2934561,3097770,2922328
" ","Dragør",2632759,2661556,2809304,2894314,2911248,3076421,3287322,3498587,3296837
" ","Tårnby",1771100,1897448,2040175,2180763,2226733,2340954,2475559,2563682,2391794
" ","Albertslund",1303344,1324032,1354974,1402739,1386589,1497408,1546485,1642496,1479578
" ","Ballerup",1421520,1479471,1585284,1692785,1705066,1850948,1975795,2135808,1956889
" ","Brøndby",955590,1012410,1106122,1191567,1229829,1367404,1429698,1552013,1419628
" ","Gentofte",3514792,3706412,3850240,4013981,3997583,4257072,4542276,4841786,4570135
" ","Gladsaxe",1684351,1821246,1910102,2041194,2062991,2240168,2351167,2476729,2323183
" ","Glostrup",1469531,1506857,1590304,1711214,1722790,1829036,1948417,2097053,1868436
" ","Herlev",1403651,1448141,1524415,1596866,1633488,1756626,1821804,1913443,1768313
" ","Hvidovre",1497894,1636349,1741819,1830888,1854326,2009575,2136104,2295162,2078332
" ","Høje-Taastrup",1536079,1630919,1757629,1804643,1858219,1936206,2075120,2268094,2065255
" ","Ishøj",1153196,1249282,1275767,1310509,1271944,1319780,1396590,1456031,1273853
" ","Lyngby-Taarbæk",2773586,2922317,3072690,3219768,3286434,3536199,3703249,3973988,3606266
" ","Rødovre",1445313,1584052,1669133,1811251,1793441,1922503,1999519,2129831,1892421
" ","Vallensbæk",2232325,2334137,2442913,2568983,2560925,2738913,2993547,3184400,2909392
" ","Allerød",2594669,2725103,2902358,2990626,3114682,3328667,3542267,3935675,3666207
" ","Egedal",2181630,2296538,2395707,2462584,2515708,2648284,2831038,3134796,2824835
" ","Fredensborg",2000902,2093711,2139827,2310225,2375313,2554655,2688692,2938797,2699983
" ","Frederikssund",1446133,1556226,1682811,1759437,1812075,1894335,2027810,2194636,2120376
" ","Furesø",2628498,2747238,2961449,3040570,3060803,3286599,3524141,3831085,3566262
" ","Gribskov",1606396,1700860,1780910,1891835,1966871,2149281,2307965,2485848,2294232
" ","Halsnæs",1228597,1281162,1366193,1492240,1575306,1661920,1822153,1984754,1885364
" ","Helsingør",1583906,1660459,1745340,1818417,1842390,1986676,2083256,2328968,2108576
" ","Hillerød",2073234,2158714,2295385,2452872,2522362,2688237,2813357,3024841,2776545
" ","Hørsholm",2922665,3094517,3229538,3272809,3343980,3530106,3882444,4230481,3895634
" ","Rudersdal",3241410,3422413,3514481,3643455,3786965,3986819,4396735,4801706,4369671
" ","Bornholm",1001673,1045224,1156101,1250785,1290388,1405148,1498060,1625931,1522964
" ","Greve",1815744,1924200,2078868,2174748,2250740,2433620,2541892,2796196,2588339
" ","Køge",1360527,1453212,1571846,1630121,1694284,1801021,1934577,2112128,1983770
" ","Lejre",1777597,1918029,2043166,2152567,2177325,2330008,2447724,2613816,2453794
" ","Roskilde",2010236,2094696,2259712,2369126,2390679,2574751,2692999,2937268,2720924
" ","Solrød",1982886,2126727,2267783,2403104,2522944,2721180,2907198,3186940,2922246
" ","Faxe",1143627,1216859,1276386,1384250,1431829,1560094,1680317,1880966,1701776
" ","Guldborgsund",1045772,1081690,1163259,1208485,1208381,1346695,1437326,1609356,1484177
" ","Holbæk",1333775,1390758,1480471,1602760,1618196,1786578,1888226,2095069,1920225
" ","Kalundborg",1156172,1198121,1268823,1354793,1388618,1496924,1590374,1752088,1634643
" ","Lolland",814471,865044,914440,947870,975374,1075354,1165585,1287417,1165674
" ","Næstved",1224828,1284915,1363122,1470007,1512771,1627156,1693199,1865249,1705803
" ","Odsherred",1159086,1193859,1265888,1348173,1391921,1515827,1619267,1829045,1673416
" ","Ringsted",1286958,1346967,1420777,1524169,1599455,1736988,1849122,2026822,1858744
" ","Slagelse",1169697,1220998,1305220,1359581,1388288,1494013,1593506,1748370,1616470
" ","Sorø",1346202,1375840,1458714,1509122,1563738,1676793,1778875,1939257,1819261
" ","Stevns",1276349,1321625,1437727,1541121,1621856,1768084,1874324,2029529,1857956
" ","Vordingborg",1066245,1105933,1176206,1249232,1297987,1407393,1508943,1662559,1543361
" ","Assens",1104807,1115429,1182990,1251255,1260353,1354060,1451667,1545148,1477112
" ","Faaborg-Midtfyn",1212864,1243851,1264648,1321888,1326423,1418223,1587557,1728938,1623507
" ","Kerteminde",1154131,1232796,1291733,1375057,1339638,1473991,1580153,1730104,1684959
" ","Langeland",851642,898392,943373,990446,1064302,1154991,1261098,1328570,1285782
" ","Middelfart",1315419,1391464,1460972,1502852,1540328,1633850,1719003,1891917,1765997
" ","Nordfyns",1078283,1162617,1219172,1281837,1291073,1408319,1498990,1661584,1580645
" ","Nyborg",1126496,1197563,1248550,1269324,1289819,1402278,1491536,1611326,1544840
" ","Odense",1313133,1385148,1458775,1528506,1564251,1697181,1794094,1930564,1786319
" ","Svendborg",1316332,1350361,1402835,1474899,1513669,1642668,1779569,1956100,1842595
" ","Ærø",1109658,1179798,1152444,1239345,1238510,1349199,1448158,1631759,1503175
" ","Billund",1348718,1426768,1505851,1544804,1585671,1714933,1774796,1935676,1915557
" ","Esbjerg",1300037,1358185,1415341,1504260,1513247,1652273,1771174,1907735,1793097
" ","Fanø",1672956,1690969,1785131,1655102,1864138,2019762,2153673,2316874,2209373
" ","Fredericia",1145876,1230831,1292561,1340228,1362715,1483632,1586853,1778050,1677588
" ","Haderslev",1131910,1175597,1236005,1316058,1316191,1444244,1552535,1664143,1549074
" ","Kolding",1244467,1299404,1363870,1458702,1487681,1594970,1734866,1886683,1763670
" ","Sønderborg",1128383,1171934,1201684,1283107,1296995,1391932,1488334,1631915,1528718
" ","Tønder",1082442,1108784,1147816,1222815,1265663,1377766,1452870,1538455,1446956
" ","Varde",1383771,1409162,1490065,1539172,1564584,1683987,1781308,1941449,1844041
" ","Vejen",1184536,1258748,1286417,1336652,1362028,1464540,1574594,1697052,1563620
" ","Vejle",1391289,1453324,1523851,1602136,1623502,1738062,1867822,2029599,1916204
" ","Aabenraa",1092360,1152759,1220622,1289552,1314801,1392566,1480862,1629968,1506707
" ","Favrskov",1591348,1623798,1727518,1777791,1801196,1966168,2090461,2312280,2169998
" ","Hedensted",1367538,1405462,1462141,1530345,1516844,1637011,1739033,1943706,1833796
" ","Horsens",1304022,1369916,1471471,1521362,1536407,1627360,1735435,1873742,1749746
" ","Norddjurs",1111279,1162342,1198178,1242902,1243711,1350094,1416953,1556918,1509324
" ","Odder",1571492,1594756,1622052,1735616,1779817,1894771,2058487,2268891,2170123
" ","Randers",1127069,1161720,1232135,1287167,1321184,1432256,1538625,1660000,1555156
" ","Samsø",1118718,1156866,1293218,1355283,1437414,1596550,1679503,1787958,1741947
" ","Silkeborg",1454452,1533582,1621449,1712329,1725221,1860358,2003385,2172202,2091689
" ","Skanderborg",1766610,1839109,1903700,1942005,1984839,2122687,2246731,2461953,2344786
" ","Syddjurs",1361929,1396373,1474377,1566935,1606734,1712718,1859221,2060976,2022860
" ","Aarhus",1828110,1900997,2004784,2103825,2133898,2263634,2401152,2574462,2425122
" ","Herning",1407689,1450336,1515603,1592249,1616204,1746532,1856853,1999592,1880871
" ","Holstebro",1425284,1456416,1500676,1598200,1629692,1728377,1864680,2046066,1916016
" ","Ikast-Brande",1273829,1307436,1371161,1474215,1495130,1610814,1725394,1820619,1685186
" ","Lemvig",1246732,1316052,1347257,1388071,1395099,1542074,1657234,1832246,1707722
" ","Ringkøbing-Skjern",1335922,1386813,1431638,1496497,1495349,1651500,1782501,1947496,1827540
" ","Skive",1244523,1259755,1327622,1340783,1368715,1471498,1588208,1735813,1648811
" ","Struer",1173383,1180224,1223453,1286162,1319984,1392670,1493871,1661812,1558101
" ","Viborg",1470709,1521833,1574673,1634287,1639840,1740048,1860878,2010209,1863510
" ","Brønderslev",1226476,1243167,1300984,1342544,1346923,1449303,1542422,1653804,1543610
" ","Frederikshavn",1107590,1151806,1234894,1278213,1308709,1409697,1525872,1656223,1565375
" ","Hjørring",1253853,1259899,1332966,1377137,1383907,1463394,1541169,1693403,1623938
" ","Jammerbugt",1200185,1221860,1260131,1324189,1341096,1436039,1530536,1693882,1579755
" ","Læsø",1119053,1131972,1157883,1128044,1176516,1326279,1338721,1413539,1384611
" ","Mariagerfjord",1231273,1240088,1298670,1367620,1375641,1505837,1583595,1708211,1633913
" ","Morsø",1063976,1136823,1192575,1262377,1246134,1350014,1431465,1490970,1426849
" ","Rebild",1468778,1483907,1600048,1600203,1625435,1706868,1816178,2006042,1889379
" ","Thisted",1168193,1236295,1278362,1349364,1335493,1432451,1553493,1734771,1637823
" ","Vesthimmerlands",1170157,1186126,1260073,1305840,1308845,1399939,1515248,1634975,1590999
" ","Aalborg",1401718,1464601,1535633,1623262,1628958,1737827,1836199,1978026,1900539
"70-70 years"
" ","All Denmark",958318,1030006,1108068,1195295,1245844,1336925,1419536,1555351,1520929
" ","Capital municipalities",1268948,1401377,1525243,1661728,1742957,1884623,2006957,2176829,2099157
" ","Metropolitan municipalities",1029966,1114441,1200508,1280801,1341589,1443506,1532007,1674640,1663841
" ","Provincial municipalities",934310,1004832,1077776,1159314,1203083,1292213,1367476,1503104,1471643
" ","Commuter municipalities",970355,1033620,1110128,1193574,1254780,1344450,1418538,1559274,1520070
" ","Rural municipalities",781377,824248,875627,944719,980826,1053916,1121655,1235503,1214014
" ","Copenhagen",895512,1002183,1107732,1216135,1310892,1436665,1560863,1704824,1669989
" ","Frederiksberg",1691804,1835126,1968775,2126855,2205468,2387860,2515372,2643609,2527301
" ","Dragør",2253605,2252548,2445509,2591058,2658923,2896374,2988741,3332001,3149362
" ","Tårnby",1137054,1287337,1379362,1521054,1606991,1699158,1793243,1904022,1853980
" ","Albertslund",790919,841979,924230,1013089,1043764,1108723,1186560,1321015,1305868
" ","Ballerup",818378,882107,931998,1008953,1050866,1153885,1289877,1386579,1314174
" ","Brøndby",535960,579023,628579,674895,744002,845946,857258,920449,877812
" ","Gentofte",2955918,3201726,3356634,3551127,3641206,3883072,4177306,4439163,4274641
" ","Gladsaxe",908488,1048330,1184006,1312866,1427296,1561335,1652047,1820370,1768599
" ","Glostrup",757333,857880,940040,1123569,1195259,1371480,1469915,1563508,1477283
" ","Herlev",795760,820380,884990,1003611,1091846,1177919,1342430,1510206,1530402
" ","Hvidovre",916362,987261,1098168,1180850,1279497,1382206,1460563,1563947,1513342
" ","Høje-Taastrup",1229011,1329786,1449167,1542578,1598395,1684710,1749983,1900317,1790667
" ","Ishøj",808274,962302,1092996,1199202,1210932,1272140,1310248,1454059,1359811
" ","Lyngby-Taarbæk",1705215,1969276,2193434,2425763,2465872,2736543,2900273,3136628,3026066
" ","Rødovre",731820,833723,946247,1108005,1188844,1288010,1383016,1498329,1436544
" ","Vallensbæk",1809594,1929006,2088120,2202705,2241213,2369524,2547296,2678942,2509688
" ","Allerød",2013753,2142141,2234638,2414739,2532024,2611636,2729727,3161986,3049225
" ","Egedal",1693095,1819505,1955776,2080376,2133239,2237012,2349606,2641756,2483751
" ","Fredensborg",1537128,1637178,1764774,1944265,2077100,2274451,2380212,2618126,2502162
" ","Frederikssund",1031123,1126230,1242674,1345515,1401273,1493870,1592542,1709197,1667384
" ","Furesø",2057402,2193064,2271540,2457092,2598855,2798939,2919675,3280334,3083639
" ","Gribskov",1270404,1395232,1473413,1597741,1672010,1830868,1961251,2193298,2073628
" ","Halsnæs",832321,906204,1031945,1139483,1240730,1338246,1404225,1563838,1543376
" ","Helsingør",1159235,1272203,1398158,1492608,1552851,1689752,1833887,2003306,1880226
" ","Hillerød",1560439,1694902,1775642,1906227,1956443,2097472,2151470,2388986,2313393
" ","Hørsholm",2153324,2336139,2445571,2671111,2756740,2953208,3158776,3544061,3360285
" ","Rudersdal",2754491,3017354,3152856,3386555,3437911,3677591,3969424,4423878,4060911
" ","Bornholm",714531,731384,809536,899427,936891,1011485,1087810,1204597,1127471
" ","Greve",1458386,1597040,1712439,1833664,1849544,1966089,2032319,2163394,2079189
" ","Køge",908048,987559,1108907,1234676,1311373,1401033,1467221,1603812,1579579
" ","Lejre",1219073,1375035,1523057,1629967,1698156,1818516,1906143,2050728,2025457
" ","Roskilde",1394415,1525352,1640905,1778801,1830567,1996360,2132987,2365573,2319555
" ","Solrød",1557557,1704121,1825104,1936876,2070128,2260435,2402451,2600847,2450611
" ","Faxe",820458,891860,958279,1060545,1152580,1212599,1285834,1438164,1332861
" ","Guldborgsund",705556,739246,795414,855885,873427,968167,1026834,1149348,1109255
" ","Holbæk",958535,984466,1061130,1146028,1192048,1288647,1362897,1499619,1467574
" ","Kalundborg",792972,855538,899430,993477,1026433,1097487,1136776,1295660,1273763
" ","Lolland",544574,582248,636560,666629,716931,758941,811271,901082,876990
" ","Næstved",828049,898323,951592,1055875,1090181,1163142,1230419,1356149,1323229
" ","Odsherred",823651,893982,947915,1056426,1101386,1174907,1244882,1420001,1380901
" ","Ringsted",864030,905651,1006475,1104179,1154049,1247571,1327658,1519123,1428377
" ","Slagelse",824548,890557,952753,1017600,1049911,1089577,1153530,1268741,1225448
" ","Sorø",961959,1017500,1053676,1074283,1181709,1263926,1341276,1526071,1482440
" ","Stevns",939466,1003795,1082267,1228559,1280555,1409763,1467514,1624146,1569424
" ","Vordingborg",774612,818927,884900,959415,1006504,1058948,1137347,1301770,1234006
" ","Assens",708692,731647,809475,885467,925732,984690,1017790,1092139,1085724
" ","Faaborg-Midtfyn",827244,890781,949103,1010048,1045774,1129655,1198310,1279185,1258125
" ","Kerteminde",827660,887141,941124,997600,1049054,1085418,1147653,1222103,1260559
" ","Langeland",624940,691523,716149,755664,823851,862396,921425,985594,972719
" ","Middelfart",895008,969589,1061602,1097805,1170232,1267104,1336232,1447066,1439557
" ","Nordfyns",737276,797632,829516,862004,927892,973448,1031711,1137584,1150116
" ","Nyborg",821595,886223,925840,975810,1025162,1099977,1123934,1199786,1173892
" ","Odense",893811,992543,1054937,1122101,1173194,1245466,1321881,1458547,1431817
" ","Svendborg",884870,942931,998028,1101912,1172510,1265436,1341377,1452653,1438797
" ","Ærø",819959,848586,832733,925163,985029,1030347,1161801,1199762,1160446
" ","Billund",881766,947893,1058593,1117354,1169623,1253089,1317642,1386246,1401836
" ","Esbjerg",811734,875165,936581,1018297,1063901,1144683,1219715,1342592,1342971
" ","Fanø",1397650,1384379,1376629,1365010,1589969,1654075,1647976,2048322,2103495
" ","Fredericia",744480,787909,849382,905005,951266,1024934,1069456,1165287,1157567
" ","Haderslev",725506,773151,800984,863642,891463,988357,1039551,1142597,1133359
" ","Kolding",822312,888915,934149,997172,1035881,1090744,1174146,1294873,1313411
" ","Sønderborg",682783,736968,784475,830982,869364,931278,997246,1102759,1092586
" ","Tønder",753732,794019,803580,835955,898779,961604,1025481,1096893,1091222
" ","Varde",1016796,1062424,1128749,1187276,1215833,1282899,1362966,1484007,1432883
" ","Vejen",759549,819431,901029,961669,1009812,1089843,1175084,1267273,1253244
" ","Vejle",922248,1006567,1075153,1151205,1212676,1275027,1370083,1499460,1476111
" ","Aabenraa",722609,783757,802156,857993,893087,967956,1029348,1138232,1143593
" ","Favrskov",1128028,1196239,1310105,1380423,1404202,1535980,1576307,1770515,1711410
" ","Hedensted",948083,1016007,1085533,1153741,1198996,1256665,1302244,1444104,1426403
" ","Horsens",896786,964421,1049037,1110431,1184414,1231173,1279276,1427017,1405000
" ","Norddjurs",741640,799883,841400,890768,913822,999352,1071664,1203303,1187215
" ","Odder",1041293,1040319,1116323,1276768,1311820,1424433,1516172,1757839,1711078
" ","Randers",731010,767998,810466,883405,935108,1015623,1080799,1178568,1154475
" ","Samsø",869524,883245,943485,995011,1051040,1148319,1223239,1327676,1313917
" ","Silkeborg",1017445,1085719,1178730,1253724,1282129,1395972,1503626,1634287,1584006
" ","Skanderborg",1273957,1375872,1454671,1514106,1602074,1713066,1818504,2040529,1983215
" ","Syddjurs",1116296,1150876,1176216,1225513,1265220,1306274,1430069,1572070,1549248
" ","Aarhus",1231985,1333499,1449213,1559198,1647818,1777757,1912144,2120884,2086432
" ","Herning",997051,1054528,1099503,1179006,1209415,1316792,1372064,1483300,1458001
" ","Holstebro",905091,951862,1001646,1059165,1127003,1232466,1320305,1452419,1427020
" ","Ikast-Brande",885424,957496,1008474,1052768,1105154,1194154,1265912,1385582,1319035
" ","Lemvig",887455,977466,1001631,1008876,1042568,1146345,1232673,1371148,1328049
" ","Ringkøbing-Skjern",927134,1003542,1068117,1169862,1182047,1286738,1380081,1498854,1443501
" ","Skive",812076,825314,907545,952739,1001643,1065199,1160019,1253531,1236428
" ","Struer",800034,820185,872227,918395,947188,1049459,1108401,1166976,1166781
" ","Viborg",975831,1042008,1103046,1191827,1220403,1309470,1401998,1541432,1492214
" ","Brønderslev",851883,868569,937775,983298,1009954,1063058,1130981,1221968,1209280
" ","Frederikshavn",759754,795476,849131,913260,948470,993936,1054821,1169017,1161154
" ","Hjørring",828169,848425,924124,1019691,1058474,1132705,1169711,1303228,1298489
" ","Jammerbugt",862930,903513,940301,1049329,1055167,1131135,1196620,1279988,1248515
" ","Læsø",860987,849370,896769,1045199,1045594,1083891,1113810,1155907,1261718
" ","Mariagerfjord",836571,847374,902232,980165,993148,1085607,1171986,1261588,1261451
" ","Morsø",726227,800367,860868,941263,965292,1014502,1039730,1130221,1140245
" ","Rebild",982239,1050074,1158348,1205204,1359248,1421581,1441216,1566842,1489972
" ","Thisted",808669,850972,915549,971838,980123,1044399,1125947,1244622,1223738
" ","Vesthimmerlands",811328,819953,898754,952985,975772,1064428,1117219,1230293,1241721
" ","Aalborg",938837,1001081,1076393,1156675,1196388,1268714,1334180,1429188,1445063
"80 years and over"
" ","All Denmark",648413,672649,697826,736633,766356,808149,845385,920742,940050
" ","Capital municipalities",814068,863468,911708,971776,1013982,1087798,1155454,1273427,1315086
" ","Metropolitan municipalities",639565,673838,709351,761071,811235,860951,896564,973515,998729
" ","Provincial municipalities",636139,660681,684158,720911,746390,792604,831236,899056,919090
" ","Commuter municipalities",660809,676931,705964,750415,779973,819805,857582,938813,950745
" ","Rural municipalities",562871,580077,593826,624559,641458,669179,695483,755697,767749
" ","Copenhagen",532882,562387,594097,648806,688361,739501,800485,895335,940126
" ","Frederiksberg",1123034,1163581,1191662,1272531,1268905,1346555,1501144,1593424,1649227
" ","Dragør",1907389,1917738,2005597,2073515,2247420,2358641,2426546,2661895,2587751
" ","Tårnby",718827,735236,796727,861187,904238,922401,987925,1028527,1071852
" ","Albertslund",494163,625497,611293,706259,754516,785924,792983,846918,838191
" ","Ballerup",571961,567502,587168,611275,652305,689253,677231,718884,726739
" ","Brøndby",388189,363466,377133,391079,382931,402584,418192,449162,463504
" ","Gentofte",1879237,2015257,2118293,2222165,2332250,2386028,2603791,2741757,2821742
" ","Gladsaxe",607204,613068,636056,639383,661698,713672,742925,822024,859016
" ","Glostrup",489597,509505,515515,517265,547345,571065,622898,701725,718615
" ","Herlev",482789,516845,564675,573427,569677,638473,684392,767900,755218
" ","Hvidovre",623447,648750,674880,731596,742260,750244,811418,887358,894759
" ","Høje-Taastrup",783179,879692,989704,1109089,1154756,1261084,1360163,1449738,1415655
" ","Ishøj",418691,468363,463273,547617,664268,722004,704388,822495,920942
" ","Lyngby-Taarbæk",1282115,1333249,1390491,1411909,1415155,1502932,1616558,1718177,1698002
" ","Rødovre",527390,518674,511430,504355,527912,561761,559630,602024,644583
" ","Vallensbæk",1250119,1281928,1496133,1609797,1655202,1701715,1851010,1955746,1878135
" ","Allerød",1443440,1486656,1603872,1723145,1829286,2042591,2068502,2277642,2237636
" ","Egedal",1208604,1402953,1387369,1442385,1559710,1651076,1711655,1924184,1892306
" ","Fredensborg",1001358,1136553,1176393,1302035,1370244,1415978,1503232,1689789,1735730
" ","Frederikssund",680599,723256,749510,802696,860957,888185,942042,1050250,1096646
" ","Furesø",1385587,1483269,1609315,1718731,1763788,1910781,1939809,2111918,2085946
" ","Gribskov",931706,978543,1022748,1069453,1148523,1222799,1333884,1539545,1504597
" ","Halsnæs",624033,670363,718734,766429,837155,868229,908168,987468,1010961
" ","Helsingør",773220,831211,882288,943737,976152,1027524,1095113,1252587,1254046
" ","Hillerød",924806,1007747,1063714,1161043,1210975,1343667,1410653,1564533,1557691
" ","Hørsholm",1504110,1554218,1597883,1715199,1802142,1872017,2004836,2328020,2295507
" ","Rudersdal",2091880,2319675,2383573,2549826,2577540,2756436,2882969,3125842,3032585
" ","Bornholm",580249,586134,611050,636437,655854,685192,748016,804513,810894
" ","Greve",986098,1019050,1199504,1272558,1353344,1466693,1462471,1683082,1627662
" ","Køge",653071,718980,736476,737802,761165,811627,855760,955978,1003399
" ","Lejre",779284,893013,889561,1022645,1128470,1156005,1281949,1354944,1391871
" ","Roskilde",928020,972637,1038306,1120419,1188963,1270355,1310026,1456349,1468412
" ","Solrød",997469,1120796,1206075,1307943,1346572,1453832,1527757,1715052,1746365
" ","Faxe",646155,662652,673796,750408,780312,810521,830610,946659,875115
" ","Guldborgsund",517047,529981,538944,580702,599350,630230,654861,735582,726173
" ","Holbæk",620380,623895,640710,743473,745440,775878,825514,937051,988252
" ","Kalundborg",655698,660340,666161,672480,697433,724524,760967,888877,888342
" ","Lolland",437443,447766,452239,466096,494067,518777,551526,614335,593735
" ","Næstved",621598,629222,650769,699366,744581,775440,798379,874204,861188
" ","Odsherred",691993,687283,700980,752339,778698,813731,884029,996316,969791
" ","Ringsted",626417,651590,710461,733310,739387,843804,813493,884490,832165
" ","Slagelse",610647,637383,668857,681022,707780,743164,761888,836145,832789
" ","Sorø",649387,652029,670312,741917,805123,862520,898409,988172,929468
" ","Stevns",713320,691249,739983,739955,806185,889307,932825,952007,1021311
" ","Vordingborg",571629,587316,622692,659680,711605,707988,746884,836277,840560
" ","Assens",497349,511485,514929,514792,533495,581473,611112,656720,679366
" ","Faaborg-Midtfyn",545826,571695,567951,584675,631258,665008,717164,737657,751080
" ","Kerteminde",441183,476629,504531,550614,569152,629511,674374,738226,714747
" ","Langeland",516969,525962,517997,551271,527839,585339,597812,664972,661979
" ","Middelfart",584844,628333,663754,679851,701809,689810,716442,807449,838353
" ","Nordfyns",568734,551466,568971,579651,607646,666973,658349,683081,692473
" ","Nyborg",581371,612342,642185,671070,676089,699580,728954,779052,773920
" ","Odense",515901,554944,571062,644893,682631,737385,773487,849769,909058
" ","Svendborg",583909,626476,640773,676886,705958,749607,792719,861358,904297
" ","Ærø",588265,654150,615138,675680,709910,760306,809339,871091,789717
" ","Billund",584180,594982,646681,659105,660456,657338,738193,777603,858798
" ","Esbjerg",526331,564340,574488,612920,631977,682358,725403,777743,800205
" ","Fanø",885172,917931,973760,1032837,1184483,1196844,1274750,1377038,1400868
" ","Fredericia",521516,536286,537587,551064,571934,608774,626929,667982,697716
" ","Haderslev",505974,496887,520996,556527,562158,591123,632241,649632,661312
" ","Kolding",540944,582669,590959,622077,654486,695740,744331,800950,841421
" ","Sønderborg",473613,494275,505642,507376,519275,541894,558507,613102,632982
" ","Tønder",521336,543895,544989,574351,610234,632460,644120,706853,752548
" ","Varde",654687,663278,681927,732541,741026,789795,818579,876160,896685
" ","Vejen",505909,523011,512445,565050,591075,639901,649719,688598,715930
" ","Vejle",584794,612211,627465,671503,687605,736082,778355,836339,846578
" ","Aabenraa",501477,549839,552050,571195,605575,620228,661730,707488,746651
" ","Favrskov",852829,833152,876635,896981,916541,944858,988320,1087396,1079525
" ","Hedensted",682476,692855,748374,781802,783942,775992,781967,854925,864295
" ","Horsens",636732,654715,685758,722096,726273,779193,814281,864717,864323
" ","Norddjurs",568655,573186,596375,620891,640898,660941,668168,713178,732759
" ","Odder",735758,741814,794204,836686,833958,843763,925356,984907,1017138
" ","Randers",495589,500701,519997,552117,576641,601459,607274,649710,672187
" ","Samsø",725219,769628,784683,782570,715167,852718,773846,911108,938721
" ","Silkeborg",700605,719393,741993,779077,800484,868711,929182,1006709,1005322
" ","Skanderborg",904371,921183,966222,1029763,1017380,1112606,1120639,1206839,1177587
" ","Syddjurs",788232,813654,817188,875417,909210,950399,1001056,1072918,1086386
" ","Aarhus",758914,801836,863183,930631,991878,1068639,1123920,1216497,1212767
" ","Herning",657496,653498,667766,692664,716432,766531,822020,861379,907875
" ","Holstebro",674910,677210,690283,732785,741776,773317,820005,913098,923549
" ","Ikast-Brande",614966,616470,627789,659272,704654,715583,757467,860655,861580
" ","Lemvig",636858,660545,627710,666116,705029,753984,765347,793604,796061
" ","Ringkøbing-Skjern",645176,665706,690471,710055,720265,759458,793369,851940,846704
" ","Skive",517864,536848,548998,566021,593496,586637,614561,667669,711086
" ","Struer",625490,637896,663356,655940,671405,737051,751223,803691,736254
" ","Viborg",713852,732531,752656,796943,814265,857688,885141,918759,919653
" ","Brønderslev",581774,578899,593975,619621,637779,685806,691550,725478,731000
" ","Frederikshavn",547527,556750,599247,609488,629028,655108,653723,722564,748643
" ","Hjørring",575865,578587,589140,633971,649121,678439,685782,750251,770481
" ","Jammerbugt",572157,609665,635869,676558,691045,727561,733249,827961,843041
" ","Læsø",844978,772718,743591,772540,762338,756019,851777,851352,912366
" ","Mariagerfjord",608367,623556,642209,717190,704015,725770,745658,756261,790785
" ","Morsø",526975,583032,574841,608875,610089,633435,659651,718213,755686
" ","Rebild",776646,743555,780614,801784,870791,886305,877149,922561,921536
" ","Thisted",586715,616287,634118,668981,674757,718238,749098,802818,797500
" ","Vesthimmerlands",592607,581605,624418,639834,627717,673381,673327,723523,733795
" ","Aalborg",603516,636798,665108,691753,739303,763923,784752,860608,872853

"There is a minor break (f +/- 0.2 per cent between 2019 and 2020 due "
"to the inclusion of unquoted shares and debt to the public sector. "

